<Environment>

	<Variable>
		<Name>Browser</Name>
		<Value>iexplore.exe</Value>
	</Variable>
	
	<Variable>
		<Name>ReportFormat</Name>
		<Value>TEXT-HTML</Value>
	</Variable>

	<Variable>
		<Name>IntWaitTime</Name>
		<Value>25</Value>
	</Variable>	

	<Variable>
		<Name>RunNumber</Name>
		<Value>1</Value>
	</Variable>	

	<Variable>
		<Name>QTPRunMode</Name>
		<Value>NORMAL</Value>
	</Variable>

	<Variable>
		<Name>StepTime</Name>
		<Value>0</Value>
	</Variable>	

	<Variable>
		<Name>RunOnError</Name>
		<Value>NextStep</Value>
	</Variable>

	<Variable>
		<Name>RunViewResult</Name>
		<Value>False</Value>
	</Variable>	
</Environment>
